{"area": 0.47123730671297365, "banos": 0.4852598248401738, "habitaciones": 0.3587273764415965, "antiguedad": 0.23826075256593887, "parqueaderos": 0.4252831508226308, "estrato": 0.3515934822029979, "porteria": -0.22917471770414288, "varianza_explicada": [0.5108234902712241], "varianza_explicada_acumulada": [0.5108234902712241]}